"Nome Fantasia";CPF/CNPJ;ICCID;MSISDN;IMSI;Info;"Data Ativação";"Hora Ativação";"Data de Último Acesso";Operadora;Plano;Status;Conexão;LBS;Bloqueio/Suspensão
"EXCEL PRODUTOS ELETRONICOS LTDA";64.579.782/0001-48;89551805500000007841;5519976134474;724180050452419;"Moedário - CANTINHO DO CEU A.P";27/02/2018;10:26;"15/07/2020 17:07";Arqia;"PLANO M2M 2MB ";Ativo;Online;"Nao Contratado";
"EXCEL PRODUTOS ELETRONICOS LTDA";64.579.782/0001-48;89551805500000007361;5562976013391;724180050452371;"Moedário - A. P. SÃO LONGUINHO";10/01/2018;21:37;"15/07/2020 17:07";Arqia;"PLANO M2M 2MB ";Ativo;Online;"Nao Contratado";
"EXCEL PRODUTOS ELETRONICOS LTDA";64.579.782/0001-48;89551805500000007221;5562976013377;724180050452357;"Moedário - AUTO POSTO RAVELLO LTDA - ME";10/01/2018;21:37;"15/07/2020 11:25";Arqia;"PLANO M2M 2MB ";Ativo;Offline;"Nao Contratado";
"EXCEL PRODUTOS ELETRONICOS LTDA";64.579.782/0001-48;89551805500000007312;5562976013386;724180050452366;"Moedário - AUTO POSTO SUPER ANH";10/01/2018;21:37;"15/07/2020 17:06";Arqia;"PLANO M2M 2MB ";Ativo;Online;"Nao Contratado";
"EXCEL PRODUTOS ELETRONICOS LTDA";64.579.782/0001-48;89551805500000007320;5562976013387;724180050452367;"Moedário - PAULICAR POSTO DE SE";10/01/2018;21:37;"15/07/2020 17:06";Arqia;"PLANO M2M 2MB ";Ativo;Online;"Nao Contratado";
"EXCEL PRODUTOS ELETRONICOS LTDA";64.579.782/0001-48;89551805500000007486;5562976013403;724180050452383;"Moedário - AUTO POSTO RAVENNA";10/01/2018;21:38;"15/07/2020 17:07";Arqia;"PLANO M2M 2MB ";Ativo;Online;"Nao Contratado";
"EXCEL PRODUTOS ELETRONICOS LTDA";64.579.782/0001-48;89551805500000007577;5562976013412;724180050452392;"Moedário - AUTO POSTO A ZABOTTO";10/01/2018;21:38;"15/07/2020 17:10";Arqia;"PLANO M2M 2MB ";Ativo;Online;"Nao Contratado";
"EXCEL PRODUTOS ELETRONICOS LTDA";64.579.782/0001-48;89551805500000007627;5514976010949;724180050452397;"Moedário - BAMBINO AUTO POSTO L";08/02/2018;15:49;"15/07/2020 17:15";Arqia;"PLANO M2M 2MB ";Ativo;Online;"Nao Contratado";
"EXCEL PRODUTOS ELETRONICOS LTDA";64.579.782/0001-48;89551805500000007239;5562976013378;724180050452358;"Moedário - MODENA AUTO POSTO LT";10/01/2018;21:37;"15/07/2020 17:07";Arqia;"PLANO M2M 2MB ";Ativo;Online;"Nao Contratado";
"EXCEL PRODUTOS ELETRONICOS LTDA";64.579.782/0001-48;89551805500000007809;5514976010966;724180050452415;"Moedário - AUTO POSTO TRENTO LT";08/02/2018;15:49;"03/07/2020 14:20";Arqia;"PLANO M2M 2MB ";Ativo;Offline;"Nao Contratado";
"EXCEL PRODUTOS ELETRONICOS LTDA";64.579.782/0001-48;89551805500000007551;5562976013410;724180050452390;"não ident";10/01/2018;21:38;"26/06/2019 19:27";Arqia;"PLANO M2M 2MB ";Ativo;Offline;"Nao Contratado";
"EXCEL PRODUTOS ELETRONICOS LTDA";64.579.782/0001-48;89551805500000007825;5514976010977;724180050452417;"Moedário - AUTO POSTO J. JARAGUA";08/02/2018;15:50;"15/07/2020 17:07";Arqia;"PLANO M2M 2MB ";Ativo;Online;"Nao Contratado";
"EXCEL PRODUTOS ELETRONICOS LTDA";64.579.782/0001-48;89551805500000007973;5531976048936;724180050452432;"não ident";28/02/2018;15:38;"25/02/2019 14:42";Arqia;"PLANO M2M 2MB ";Ativo;Offline;"Nao Contratado";
"EXCEL PRODUTOS ELETRONICOS LTDA";64.579.782/0001-48;89551805500000008039;5531976048942;724180050452438;"não ident";28/02/2018;15:39;"17/02/2020 23:46";Arqia;"PLANO M2M 2MB ";Ativo;Offline;"Nao Contratado";
"EXCEL PRODUTOS ELETRONICOS LTDA";64.579.782/0001-48;89551805500000007247;5562976013379;724180050452359;"Moedário - AUTO POSTO EDROMA LTDA.";10/01/2018;21:37;"02/06/2020 15:38";Arqia;"PLANO M2M 2MB ";Ativo;Offline;"Nao Contratado";
"EXCEL PRODUTOS ELETRONICOS LTDA";64.579.782/0001-48;89551805500000008179;5531976048956;724180050452452;"não ident - modem: 865691034395889";28/02/2018;15:39;"15/07/2020 17:11";Arqia;"PLANO M2M 2MB ";Ativo;Online;"Nao Contratado";
"EXCEL PRODUTOS ELETRONICOS LTDA";64.579.782/0001-48;89551805500000007981;5531976048937;724180050452433;"não ident - modem: 867856032322817";28/02/2018;15:39;"15/07/2020 17:05";Arqia;"PLANO M2M 2MB ";Ativo;Online;"Nao Contratado";
"EXCEL PRODUTOS ELETRONICOS LTDA";64.579.782/0001-48;89551805500000007650;5514976010960;724180050452400;"Moedário - TRIANGULO AUTO POSTO";08/02/2018;15:49;"15/07/2020 17:13";Arqia;"PLANO M2M 2MB ";Ativo;Online;"Nao Contratado";
"EXCEL PRODUTOS ELETRONICOS LTDA";64.579.782/0001-48;89551805500000007767;5514976010958;724180050452411;"Moedário - AUTO POSTO CARDON LT";08/02/2018;15:49;"15/07/2020 17:07";Arqia;"PLANO M2M 2MB ";Ativo;Online;"Nao Contratado";
"EXCEL PRODUTOS ELETRONICOS LTDA";64.579.782/0001-48;89551805500000007866;5514976011236;724180050452421;"não ident";09/02/2018;15:52;"15/02/2018 15:03";Arqia;"PLANO M2M 2MB ";Ativo;Offline;"Nao Contratado";
"EXCEL PRODUTOS ELETRONICOS LTDA";64.579.782/0001-48;89551805500512627664;5517976058039;724180051262766;"não ident";31/10/2019;20:56;"21/11/2019 11:48";Arqia;"PLANO M2M 2MB ";Ativo;Offline;"Nao Contratado";
"EXCEL PRODUTOS ELETRONICOS LTDA";64.579.782/0001-48;89551805500000007379;5562976013392;724180050452372;"não ident - modem: 865691034398545";10/01/2018;21:37;"15/07/2020 17:06";Arqia;"PLANO M2M 2MB ";Ativo;Online;"Nao Contratado";
"EXCEL PRODUTOS ELETRONICOS LTDA";64.579.782/0001-48;89551805500000008112;5531976048950;724180050452446;"não ident - modem: 867856032317676";28/02/2018;15:39;"15/07/2020 17:14";Arqia;"PLANO M2M 2MB ";Ativo;Online;"Nao Contratado";
"EXCEL PRODUTOS ELETRONICOS LTDA";64.579.782/0001-48;89551805500000007817;5514976010962;724180050452416;"Moedário - AUTO POSTO JARDIM YPE LTDA";08/02/2018;15:49;"15/07/2020 17:10";Arqia;"PLANO M2M 2MB ";Ativo;Online;"Nao Contratado";
"EXCEL PRODUTOS ELETRONICOS LTDA";64.579.782/0001-48;89551805500512627649;5517976058037;724180051262764;"não ident - modem: 867856032335025";31/10/2019;20:55;"15/07/2020 17:09";Arqia;"PLANO M2M 2MB ";Ativo;Online;"Nao Contratado";
"EXCEL PRODUTOS ELETRONICOS LTDA";64.579.782/0001-48;89551805500512627706;5517976058043;724180051262770;"não ident - modem: 865691034398743";31/10/2019;20:56;"15/07/2020 17:08";Arqia;"PLANO M2M 2MB ";Ativo;Online;"Nao Contratado";
"EXCEL PRODUTOS ELETRONICOS LTDA";64.579.782/0001-48;89551805500000007726;5514976010964;724180050452407;"Moedário - A.P LADEIRA DA SERRA";08/02/2018;15:49;"15/07/2020 17:06";Arqia;"PLANO M2M 2MB ";Ativo;Online;"Nao Contratado";
"EXCEL PRODUTOS ELETRONICOS LTDA";64.579.782/0001-48;89551805500000007411;5562976013396;724180050452376;"Moedário - QUELUZ AUTO POSTO LT";10/01/2018;21:38;"15/07/2020 17:14";Arqia;"PLANO M2M 2MB ";Ativo;Online;"Nao Contratado";
"EXCEL PRODUTOS ELETRONICOS LTDA";64.579.782/0001-48;89551805500000007205;5562976013375;724180050452355;"não ident";10/01/2018;21:37;"17/03/2020 11:08";Arqia;"PLANO M2M 2MB ";Ativo;Offline;"Nao Contratado";
"EXCEL PRODUTOS ELETRONICOS LTDA";64.579.782/0001-48;89551805500000007270;5562976013382;724180050452362;"Mercedes Benz (São Caetano-SP)";10/01/2018;21:37;"15/07/2020 17:07";Arqia;"PLANO M2M 50MB ";Ativo;Online;"Nao Contratado";
"EXCEL PRODUTOS ELETRONICOS LTDA";64.579.782/0001-48;89551805500000007296;5562976013384;724180050452364;"não ident";10/01/2018;21:37;"30/11/2018 19:56";Arqia;"PLANO M2M 2MB ";Ativo;Offline;"Nao Contratado";
"EXCEL PRODUTOS ELETRONICOS LTDA";64.579.782/0001-48;89551805500000007338;5562976013388;724180050452368;"não ident";10/01/2018;21:37;"20/04/2018 19:39";Arqia;"PLANO M2M 2MB ";Ativo;Offline;"Nao Contratado";
"EXCEL PRODUTOS ELETRONICOS LTDA";64.579.782/0001-48;89551805500000007346;5562976013389;724180050452369;"não ident - modem: 867856032193184";10/01/2018;21:37;"15/07/2020 17:09";Arqia;"PLANO M2M 2MB ";Ativo;Online;"Nao Contratado";
"EXCEL PRODUTOS ELETRONICOS LTDA";64.579.782/0001-48;89551805500000007353;5562976013390;724180050452370;"Moedário - CENTRO AUTOMOTIVO UDINE";10/01/2018;21:37;"15/07/2020 17:08";Arqia;"PLANO M2M 2MB ";Ativo;Online;"Nao Contratado";
"EXCEL PRODUTOS ELETRONICOS LTDA";64.579.782/0001-48;89551805500000007452;5562976013400;724180050452380;"Moedário - AUTO POSTO PARATI";10/01/2018;21:38;"15/07/2020 17:10";Arqia;"PLANO M2M 2MB ";Ativo;Online;"Nao Contratado";
"EXCEL PRODUTOS ELETRONICOS LTDA";64.579.782/0001-48;89551805500000007460;5562976013401;724180050452381;"não ident";10/01/2018;21:38;"25/05/2020 17:54";Arqia;"PLANO M2M 2MB ";Ativo;Offline;"Nao Contratado";
"EXCEL PRODUTOS ELETRONICOS LTDA";64.579.782/0001-48;89551805500000007478;5562976013402;724180050452382;"não ident";10/01/2018;21:38;"23/11/2018 16:26";Arqia;"PLANO M2M 2MB ";Ativo;Offline;"Nao Contratado";
"EXCEL PRODUTOS ELETRONICOS LTDA";64.579.782/0001-48;89551805500000007502;5562976013405;724180050452385;"Moedário - C.A. N.S. DE FÁTIMA";10/01/2018;21:38;"15/07/2020 17:08";Arqia;"PLANO M2M 2MB ";Ativo;Online;"Nao Contratado";
"EXCEL PRODUTOS ELETRONICOS LTDA";64.579.782/0001-48;89551805500000007536;5562976013408;724180050452388;"não ident";10/01/2018;21:38;"21/10/2019 10:30";Arqia;"PLANO M2M 2MB ";Ativo;Offline;"Nao Contratado";
"EXCEL PRODUTOS ELETRONICOS LTDA";64.579.782/0001-48;89551805500000007544;5562976013409;724180050452389;"não ident";10/01/2018;21:38;"27/07/2018 14:50";Arqia;"PLANO M2M 2MB ";Ativo;Offline;"Nao Contratado";
"EXCEL PRODUTOS ELETRONICOS LTDA";64.579.782/0001-48;89551805500000007908;5531976048929;724180050452425;"não ident - modem: 865691034466284";28/02/2018;15:38;"15/07/2020 17:08";Arqia;"PLANO M2M 2MB ";Ativo;Online;"Nao Contratado";
"EXCEL PRODUTOS ELETRONICOS LTDA";64.579.782/0001-48;89551805500000007916;5531976048930;724180050452426;"não ident - modem: 867856032322668";28/02/2018;15:38;"15/07/2020 17:12";Arqia;"PLANO M2M 2MB ";Ativo;Online;"Nao Contratado";
"EXCEL PRODUTOS ELETRONICOS LTDA";64.579.782/0001-48;89551805500000007924;5531976048931;724180050452427;"não ident - modem: 865691034341016";28/02/2018;15:38;"15/07/2020 17:08";Arqia;"PLANO M2M 2MB ";Ativo;Online;"Nao Contratado";
"EXCEL PRODUTOS ELETRONICOS LTDA";64.579.782/0001-48;89551805500000007932;5531976048932;724180050452428;"não ident - modem: 867856032322726";28/02/2018;15:38;"15/07/2020 17:15";Arqia;"PLANO M2M 2MB ";Ativo;Online;"Nao Contratado";
"EXCEL PRODUTOS ELETRONICOS LTDA";64.579.782/0001-48;89551805500000007940;5531976048933;724180050452429;"não ident";28/02/2018;15:38;"11/06/2019 18:09";Arqia;"PLANO M2M 2MB ";Ativo;Offline;"Nao Contratado";
"EXCEL PRODUTOS ELETRONICOS LTDA";64.579.782/0001-48;89551805500000007957;5531976048934;724180050452430;"não ident - modem: 865691034395566";28/02/2018;15:38;"15/07/2020 17:06";Arqia;"PLANO M2M 2MB ";Ativo;Online;"Nao Contratado";
"EXCEL PRODUTOS ELETRONICOS LTDA";64.579.782/0001-48;89551805500000007965;5531976048935;724180050452431;"não ident - modem: 867856032322742";28/02/2018;15:38;"15/07/2020 17:12";Arqia;"PLANO M2M 2MB ";Ativo;Online;"Nao Contratado";
"EXCEL PRODUTOS ELETRONICOS LTDA";64.579.782/0001-48;89551805500000007999;5531976048938;724180050452434;"não ident - modem: 865691034138503";28/02/2018;15:39;"15/07/2020 17:06";Arqia;"PLANO M2M 2MB ";Ativo;Online;"Nao Contratado";
"EXCEL PRODUTOS ELETRONICOS LTDA";64.579.782/0001-48;89551805500000008005;5531976048939;724180050452435;"não ident - modem: 865691034395970";28/02/2018;15:39;"15/07/2020 17:10";Arqia;"PLANO M2M 2MB ";Ativo;Online;"Nao Contratado";
"EXCEL PRODUTOS ELETRONICOS LTDA";64.579.782/0001-48;89551805500000008013;5531976048940;724180050452436;"não ident - modem: 867856032889682";28/02/2018;15:39;"15/07/2020 17:03";Arqia;"PLANO M2M 2MB ";Ativo;Offline;"Nao Contratado";
"EXCEL PRODUTOS ELETRONICOS LTDA";64.579.782/0001-48;89551805500000008021;5531976048941;724180050452437;"não ident - modem: 865691033500190";28/02/2018;15:39;"15/07/2020 17:07";Arqia;"PLANO M2M 2MB ";Ativo;Online;"Nao Contratado";
"EXCEL PRODUTOS ELETRONICOS LTDA";64.579.782/0001-48;89551805500000008047;5531976048943;724180050452439;"não ident";28/02/2018;15:39;"02/12/2019 14:04";Arqia;"PLANO M2M 2MB ";Ativo;Offline;"Nao Contratado";
"EXCEL PRODUTOS ELETRONICOS LTDA";64.579.782/0001-48;89551805500000008054;5531976048944;724180050452440;"não ident - modem: 865691034339796";28/02/2018;15:39;"15/07/2020 17:09";Arqia;"PLANO M2M 2MB ";Ativo;Online;"Nao Contratado";
"EXCEL PRODUTOS ELETRONICOS LTDA";64.579.782/0001-48;89551805500000008062;5531976048945;724180050452441;"não ident - modem: 865691034467258";28/02/2018;15:39;"15/07/2020 17:11";Arqia;"PLANO M2M 2MB ";Ativo;Online;"Nao Contratado";
"EXCEL PRODUTOS ELETRONICOS LTDA";64.579.782/0001-48;89551805500000008070;5531976048946;724180050452442;"não ident - modem: 867856032142959";28/02/2018;15:39;"15/07/2020 17:09";Arqia;"PLANO M2M 2MB ";Ativo;Online;"Nao Contratado";
"EXCEL PRODUTOS ELETRONICOS LTDA";64.579.782/0001-48;89551805500000008088;5531976048947;724180050452443;"não ident - modem: 865691034148577";28/02/2018;15:39;"15/07/2020 17:13";Arqia;"PLANO M2M 2MB ";Ativo;Online;"Nao Contratado";
"EXCEL PRODUTOS ELETRONICOS LTDA";64.579.782/0001-48;89551805500000008096;5531976048948;724180050452444;"não ident - modem: 867856032194398";28/02/2018;15:39;"15/07/2020 17:10";Arqia;"PLANO M2M 2MB ";Ativo;Online;"Nao Contratado";
"EXCEL PRODUTOS ELETRONICOS LTDA";64.579.782/0001-48;89551805500000008104;5531976048949;724180050452445;"não ident";28/02/2018;15:39;"03/02/2020 14:41";Arqia;"PLANO M2M 2MB ";Ativo;Offline;"Nao Contratado";
"EXCEL PRODUTOS ELETRONICOS LTDA";64.579.782/0001-48;89551805500000008120;5531976048951;724180050452447;"não ident - modem: 865691034280552";28/02/2018;15:39;"15/07/2020 17:06";Arqia;"PLANO M2M 2MB ";Ativo;Online;"Nao Contratado";
"EXCEL PRODUTOS ELETRONICOS LTDA";64.579.782/0001-48;89551805500000008138;5531976048952;724180050452448;"não ident";28/02/2018;15:39;"06/07/2020 12:54";Arqia;"PLANO M2M 2MB ";Ativo;Offline;"Nao Contratado";
"EXCEL PRODUTOS ELETRONICOS LTDA";64.579.782/0001-48;89551805500000008146;5531976048953;724180050452449;"não ident - modem: 865691034398164";28/02/2018;15:39;"15/07/2020 17:10";Arqia;"PLANO M2M 2MB ";Ativo;Online;"Nao Contratado";
"EXCEL PRODUTOS ELETRONICOS LTDA";64.579.782/0001-48;89551805500000008153;5531976048954;724180050452450;"não ident - modem: 865691034417162";28/02/2018;15:39;"15/07/2020 17:14";Arqia;"PLANO M2M 2MB ";Ativo;Online;"Nao Contratado";
"EXCEL PRODUTOS ELETRONICOS LTDA";64.579.782/0001-48;89551805500000008161;5531976048955;724180050452451;"não ident - modem: 865691034380600";28/02/2018;15:39;"15/07/2020 17:13";Arqia;"PLANO M2M 2MB ";Ativo;Online;"Nao Contratado";
"EXCEL PRODUTOS ELETRONICOS LTDA";64.579.782/0001-48;89551805500000007593;5562976013414;724180050452394;"não ident";10/01/2018;21:38;"08/05/2020 23:19";Arqia;"PLANO M2M 2MB ";Ativo;Offline;"Nao Contratado";
"EXCEL PRODUTOS ELETRONICOS LTDA";64.579.782/0001-48;89551805500000007619;5514976010946;724180050452396;"Moedário - A. P. S. ESTRELA DE";08/02/2018;15:49;"15/07/2020 17:09";Arqia;"PLANO M2M 2MB ";Ativo;Online;"Nao Contratado";
"EXCEL PRODUTOS ELETRONICOS LTDA";64.579.782/0001-48;89551805500000007775;5514976010948;724180050452412;"não ident";08/02/2018;15:49;"06/01/2020 16:45";Arqia;"PLANO M2M 2MB ";Ativo;Offline;"Nao Contratado";
"EXCEL PRODUTOS ELETRONICOS LTDA";64.579.782/0001-48;89551805500000007791;5514976010954;724180050452414;"não ident";08/02/2018;15:49;"24/11/2018 21:44";Arqia;"PLANO M2M 2MB ";Ativo;Offline;"Nao Contratado";
"EXCEL PRODUTOS ELETRONICOS LTDA";64.579.782/0001-48;89551805500000007601;5514976010955;724180050452395;"não ident";08/02/2018;15:49;"27/02/2018 19:15";Arqia;"PLANO M2M 2MB ";Ativo;Offline;"Nao Contratado";
"EXCEL PRODUTOS ELETRONICOS LTDA";64.579.782/0001-48;89551805500000007684;5514976010956;724180050452403;"Moedário - AUTO POSTO NOVO CAUA";08/02/2018;15:49;"15/07/2020 17:14";Arqia;"PLANO M2M 2MB ";Ativo;Online;"Nao Contratado";
"EXCEL PRODUTOS ELETRONICOS LTDA";64.579.782/0001-48;89551805500000007734;5514976010961;724180050452408;"Moedário - C.A. ATLANTIS LTDA";08/02/2018;15:49;"15/07/2020 17:14";Arqia;"PLANO M2M 2MB ";Ativo;Online;"Nao Contratado";
"EXCEL PRODUTOS ELETRONICOS LTDA";64.579.782/0001-48;89551805500000007643;5514976010963;724180050452399;"não ident - modem: 862643033127857";08/02/2018;15:49;"05/06/2020 15:35";Arqia;"PLANO M2M 2MB ";Ativo;Offline;"Nao Contratado";
"EXCEL PRODUTOS ELETRONICOS LTDA";64.579.782/0001-48;89551805500000007759;5514976010968;724180050452410;"não ident";08/02/2018;15:49;"25/11/2018 01:55";Arqia;"PLANO M2M 2MB ";Ativo;Offline;"Nao Contratado";
"EXCEL PRODUTOS ELETRONICOS LTDA";64.579.782/0001-48;89551805500000007833;5514976010969;724180050452418;"Moedário - AUTO POSTO PREMIER";08/02/2018;15:50;"15/07/2020 17:10";Arqia;"PLANO M2M 2MB ";Ativo;Online;"Nao Contratado";
"EXCEL PRODUTOS ELETRONICOS LTDA";64.579.782/0001-48;89551805500000007742;5514976010976;724180050452409;"não ident";08/02/2018;15:50;"06/08/2019 11:19";Arqia;"PLANO M2M 2MB ";Ativo;Offline;"Nao Contratado";
"EXCEL PRODUTOS ELETRONICOS LTDA";64.579.782/0001-48;89551805500000007890;5514976011239;724180050452424;"não ident - modem: 865691034357244";09/02/2018;15:52;"15/07/2020 15:31";Arqia;"PLANO M2M 2MB ";Ativo;Offline;"Nao Contratado";
"EXCEL PRODUTOS ELETRONICOS LTDA";64.579.782/0001-48;89551805500000007288;5562976013383;724180050452363;"Suzano (Mucuri-BA)";10/01/2018;21:37;"15/07/2020 17:07";Arqia;"PLANO M2M 50MB ";Ativo;Online;"Nao Contratado";
"EXCEL PRODUTOS ELETRONICOS LTDA";64.579.782/0001-48;89551805500000007213;5562976013376;724180050452356;"BRF (Santo Antão-PE)";10/01/2018;21:37;"15/07/2020 17:14";Arqia;"PLANO M2M 50MB ";Ativo;Online;"Nao Contratado";
"EXCEL PRODUTOS ELETRONICOS LTDA";64.579.782/0001-48;89551805500000007429;5562976013397;724180050452377;"ExcelBr - Produção";10/01/2018;21:38;"09/07/2020 17:09";Arqia;"PLANO M2M 20MB ";Ativo;Offline;"Nao Contratado";
"EXCEL PRODUTOS ELETRONICOS LTDA";64.579.782/0001-48;89551805500000007387;5562976013393;724180050452373;"Moedário - POSTO DE SERVICOS JOHNNY LT";10/01/2018;21:37;"02/07/2020 13:50";Arqia;"PLANO M2M 2MB ";Bloqueado;Offline;"Nao Contratado";"Bloqueio por Consumo"
"EXCEL PRODUTOS ELETRONICOS LTDA";64.579.782/0001-48;89551805500000007304;5562976013385;724180050452365;"BRF (Rio Verde-GO)";10/01/2018;21:37;"22/08/2018 21:18";Arqia;"PLANO M2M 2MB ";Ativo;Offline;"Nao Contratado";
"EXCEL PRODUTOS ELETRONICOS LTDA";64.579.782/0001-48;89551805500000007262;5562976013381;724180050452361;"BRF (Concórdia-SC)";10/01/2018;21:37;"27/04/2018 16:35";Arqia;"PLANO M2M 2MB ";Ativo;Offline;"Nao Contratado";
"EXCEL PRODUTOS ELETRONICOS LTDA";64.579.782/0001-48;89551805500000007569;5562976013411;724180050452391;"ExcelBr - Engenharia (Ruptela)";10/01/2018;21:38;"15/05/2020 18:38";Arqia;"PLANO M2M 20MB ";Ativo;Offline;"Nao Contratado";
"EXCEL PRODUTOS ELETRONICOS LTDA";64.579.782/0001-48;89551805500000007403;5562976013395;724180050452375;"Moedário - COM. VAR. DE COMB. MRJP";10/01/2018;21:37;"13/07/2020 13:47";Arqia;"PLANO M2M 2MB ";Ativo;Offline;"Nao Contratado";
"EXCEL PRODUTOS ELETRONICOS LTDA";64.579.782/0001-48;89551805500000007528;5562976013407;724180050452387;"Moedário - AUTO POSTO JET GAS";10/01/2018;21:38;"15/07/2020 17:07";Arqia;"PLANO M2M 2MB ";Ativo;Online;"Nao Contratado";
"EXCEL PRODUTOS ELETRONICOS LTDA";64.579.782/0001-48;89551805500000008187;5531976048957;724180050452453;"não ident - modem: 867856032336205";28/02/2018;15:39;"15/07/2020 17:14";Arqia;"PLANO M2M 2MB ";Ativo;Online;"Nao Contratado";
"EXCEL PRODUTOS ELETRONICOS LTDA";64.579.782/0001-48;89551805500000007395;5562976013394;724180050452374;"Moedário - CENTRO AUTOMOTIVO COALAS";10/01/2018;21:37;"15/07/2020 17:10";Arqia;"PLANO M2M 2MB ";Ativo;Online;"Nao Contratado";
"EXCEL PRODUTOS ELETRONICOS LTDA";64.579.782/0001-48;89551805500000007437;5562976013398;724180050452378;"Moedário - AUTO POSTO BASILICAT";10/01/2018;21:38;"15/07/2020 17:13";Arqia;"PLANO M2M 2MB ";Ativo;Online;"Nao Contratado";
"EXCEL PRODUTOS ELETRONICOS LTDA";64.579.782/0001-48;89551805500000007676;5514976010967;724180050452402;"Moedário - AUTO POSTO ASTI LTDA";08/02/2018;15:49;"15/07/2020 17:12";Arqia;"PLANO M2M 2MB ";Ativo;Online;"Nao Contratado";
"EXCEL PRODUTOS ELETRONICOS LTDA";64.579.782/0001-48;89551805500000007718;5514976010953;724180050452406;"não ident";08/02/2018;15:49;"27/04/2020 12:45";Arqia;"PLANO M2M 2MB ";Ativo;Offline;"Nao Contratado";
"EXCEL PRODUTOS ELETRONICOS LTDA";64.579.782/0001-48;89551805500000007668;5514976010971;724180050452401;"Moedário - C. A. NAVEGANTES";08/02/2018;15:50;"15/07/2020 17:10";Arqia;"PLANO M2M 2MB ";Ativo;Online;"Nao Contratado";
"EXCEL PRODUTOS ELETRONICOS LTDA";64.579.782/0001-48;89551805500000007783;5514976010951;724180050452413;"Moedário - COM. VAR. COMB. J.RIVIERA";08/02/2018;15:49;"14/07/2020 13:30";Arqia;"PLANO M2M 2MB ";Ativo;Offline;"Nao Contratado";
"EXCEL PRODUTOS ELETRONICOS LTDA";64.579.782/0001-48;89551805500000007700;5514976010950;724180050452405;"Moedário - AUTO POSTO BIRI EIRE";08/02/2018;15:49;"15/07/2020 17:14";Arqia;"PLANO M2M 2MB ";Ativo;Online;"Nao Contratado";
"EXCEL PRODUTOS ELETRONICOS LTDA";64.579.782/0001-48;89551805500000007874;5514976011237;724180050452422;"não ident";09/02/2018;15:52;"18/12/2019 14:24";Arqia;"PLANO M2M 2MB ";Ativo;Offline;"Nao Contratado";
"EXCEL PRODUTOS ELETRONICOS LTDA";64.579.782/0001-48;89551805500000007882;5514976011238;724180050452423;"Moedário - AUTO POSTO SERRA JOÁ";09/02/2018;15:52;"15/07/2020 17:10";Arqia;"PLANO M2M 2MB ";Ativo;Online;"Nao Contratado";
"EXCEL PRODUTOS ELETRONICOS LTDA";64.579.782/0001-48;89551805500000007692;5514976010947;724180050452404;"não ident";08/02/2018;15:49;"15/07/2020 17:05";Arqia;"PLANO M2M 2MB ";Ativo;Online;"Nao Contratado";
"EXCEL PRODUTOS ELETRONICOS LTDA";64.579.782/0001-48;89551805500000007510;5562976013406;724180050452386;"Moedário - AUTO POSTO ATLAS";10/01/2018;21:38;"15/07/2020 17:12";Arqia;"PLANO M2M 2MB ";Ativo;Online;"Nao Contratado";
"EXCEL PRODUTOS ELETRONICOS LTDA";64.579.782/0001-48;89551805500000007494;5562976013404;724180050452384;"não ident";10/01/2018;21:38;"21/11/2019 14:40";Arqia;"PLANO M2M 2MB ";Ativo;Offline;"Nao Contratado";
"EXCEL PRODUTOS ELETRONICOS LTDA";64.579.782/0001-48;89551805500000007635;5514976010952;724180050452398;"Moedário - AUTO POSTO PARADISE";08/02/2018;15:49;"15/07/2020 17:08";Arqia;"PLANO M2M 2MB ";Ativo;Online;"Nao Contratado";
"EXCEL PRODUTOS ELETRONICOS LTDA";64.579.782/0001-48;89551805500000008195;5531976048958;724180050452454;"não ident - modem: 865674030952770";28/02/2018;15:39;"15/07/2020 17:08";Arqia;"PLANO M2M 2MB ";Ativo;Online;"Nao Contratado";
"EXCEL PRODUTOS ELETRONICOS LTDA";64.579.782/0001-48;89551805500512627615;5517976058034;724180051262761;"não ident - modem: 867856032191030";31/10/2019;20:55;"15/07/2020 17:14";Arqia;"PLANO M2M 2MB ";Ativo;Online;"Nao Contratado";
"EXCEL PRODUTOS ELETRONICOS LTDA";64.579.782/0001-48;89551805500512627623;5517976058035;724180051262762;"não ident";31/10/2019;20:55;"22/11/2019 16:57";Arqia;"PLANO M2M 2MB ";Ativo;Offline;"Nao Contratado";
"EXCEL PRODUTOS ELETRONICOS LTDA";64.579.782/0001-48;89551805500512627631;5517976058036;724180051262763;"não ident";31/10/2019;20:55;"21/11/2019 11:12";Arqia;"PLANO M2M 2MB ";Ativo;Offline;"Nao Contratado";
"EXCEL PRODUTOS ELETRONICOS LTDA";64.579.782/0001-48;89551805500512627656;5517976058038;724180051262765;"não ident";31/10/2019;20:56;"21/11/2019 17:36";Arqia;"PLANO M2M 2MB ";Ativo;Offline;"Nao Contratado";
"EXCEL PRODUTOS ELETRONICOS LTDA";64.579.782/0001-48;89551805500512627672;5517976058040;724180051262767;"não ident";31/10/2019;20:56;"21/11/2019 12:59";Arqia;"PLANO M2M 2MB ";Ativo;Offline;"Nao Contratado";
"EXCEL PRODUTOS ELETRONICOS LTDA";64.579.782/0001-48;89551805500512627680;5517976058041;724180051262768;"não ident - modem: 867856032317726";31/10/2019;20:56;"15/07/2020 17:14";Arqia;"PLANO M2M 2MB ";Ativo;Online;"Nao Contratado";
"EXCEL PRODUTOS ELETRONICOS LTDA";64.579.782/0001-48;89551805500512627698;5517976058042;724180051262769;"não ident";31/10/2019;20:56;"03/07/2020 19:38";Arqia;"PLANO M2M 2MB ";Ativo;Offline;"Nao Contratado";
"EXCEL PRODUTOS ELETRONICOS LTDA";64.579.782/0001-48;89551805500000007254;5562976013380;724180050452360;"Moedário - C. A. COSTA DO SAUIPE";10/01/2018;21:37;"15/07/2020 15:30";Arqia;"PLANO M2M 2MB ";Ativo;Offline;"Nao Contratado";
"EXCEL PRODUTOS ELETRONICOS LTDA";64.579.782/0001-48;89551805500000007585;5562976013413;724180050452393;"ExcelBr - Assistência Técnica";10/01/2018;21:38;"25/06/2020 17:55";Arqia;"PLANO M2M 20MB ";Ativo;Offline;"Nao Contratado";
"EXCEL PRODUTOS ELETRONICOS LTDA";64.579.782/0001-48;89551805500000007445;5562976013399;724180050452379;"não ident";10/01/2018;21:38;"28/03/2020 12:46";Arqia;"PLANO M2M 2MB ";Ativo;Offline;"Nao Contratado";
"EXCEL PRODUTOS ELETRONICOS LTDA";64.579.782/0001-48;89551805500000007858;5514976011235;724180050452420;"Moedário - AUTO POSTO TECOARA LTDA";09/02/2018;15:52;"15/07/2020 17:15";Arqia;"PLANO M2M 2MB ";Ativo;Online;"Nao Contratado";
"EXCEL PRODUTOS ELETRONICOS LTDA";64.579.782/0001-48;89551805400001677892;5535976011330;724180053167789;"Suzano (Imperatriz) Term.210000425";09/04/2020;16:23;"22/04/2020 17:09";Arqia;"PLANO M2M 20MB ";Ativo;Offline;"Nao Contratado";
"EXCEL PRODUTOS ELETRONICOS LTDA";64.579.782/0001-48;89551805400001677876;5535976011328;724180053167787;"Suzano (Imperatriz) Term.210000424";09/04/2020;16:23;"22/04/2020 17:17";Arqia;"PLANO M2M 20MB ";Ativo;Offline;"Nao Contratado";
"EXCEL PRODUTOS ELETRONICOS LTDA";64.579.782/0001-48;89551805400001677793;5535976011320;724180053167779;"Colorado Ruptela IMEI 860906040598333 - Frota 670364";09/04/2020;16:23;"10/07/2020 11:56";Arqia;"PLANO M2M 20MB ";Ativo;Offline;"Nao Contratado";
"EXCEL PRODUTOS ELETRONICOS LTDA";64.579.782/0001-48;89551805400001677819;5535976011322;724180053167781;"Colorado Ruptela IMEI 868899046787525 - Frota 228254";09/04/2020;16:23;"14/07/2020 17:23";Arqia;"PLANO M2M 20MB ";Ativo;Offline;"Nao Contratado";
"EXCEL PRODUTOS ELETRONICOS LTDA";64.579.782/0001-48;89551805400001677843;5535976011325;724180053167784;"Colorado Ruptela IMEI 868899046787285 - Frota 598540";09/04/2020;16:23;"14/07/2020 09:55";Arqia;"PLANO M2M 20MB ";Ativo;Offline;"Nao Contratado";
"EXCEL PRODUTOS ELETRONICOS LTDA";64.579.782/0001-48;89551805400001688063;5535976011347;724180053168806;"Colorado Ruptela IMEI 860906040537430- Frota 278903";09/04/2020;16:24;"08/07/2020 18:40";Arqia;"PLANO M2M 20MB ";Ativo;Offline;"Nao Contratado";
"EXCEL PRODUTOS ELETRONICOS LTDA";64.579.782/0001-48;89551805400001688022;5535976011343;724180053168802;"Colorado Ruptela IMEI 860906040537786 - Frota 232876";09/04/2020;16:24;"08/07/2020 15:27";Arqia;"PLANO M2M 20MB ";Ativo;Offline;"Nao Contratado";
"EXCEL PRODUTOS ELETRONICOS LTDA";64.579.782/0001-48;89551805400001688006;5535976011341;724180053168800;"Colorado Ruptela IMEI 860906040597707 - Frota 232884";09/04/2020;16:24;"08/07/2020 15:50";Arqia;"PLANO M2M 20MB ";Ativo;Offline;"Nao Contratado";
"EXCEL PRODUTOS ELETRONICOS LTDA";64.579.782/0001-48;89551805400001688030;5535976011344;724180053168803;"Colorado Ruptela IMEI 860906040537323 - Frota 353920";09/04/2020;16:24;"08/07/2020 18:11";Arqia;"PLANO M2M 20MB ";Ativo;Offline;"Nao Contratado";
"EXCEL PRODUTOS ELETRONICOS LTDA";64.579.782/0001-48;89551805400001688014;5535976011342;724180053168801;"Colorado Ruptela IMEI 860906040537448 - Frota 353938";09/04/2020;16:24;"09/07/2020 10:32";Arqia;"PLANO M2M 20MB ";Ativo;Offline;"Nao Contratado";
"EXCEL PRODUTOS ELETRONICOS LTDA";64.579.782/0001-48;89551805400001688089;5535976011349;724180053168808;"Colorado Ruptela IMEI 860906040568203 - Frota 399907";09/04/2020;16:24;"09/07/2020 09:04";Arqia;"PLANO M2M 20MB ";Ativo;Offline;"Nao Contratado";
"EXCEL PRODUTOS ELETRONICOS LTDA";64.579.782/0001-48;89551805400001677850;5535976011326;724180053167785;"Colorado Ruptela IMEI 868899046787533 - Frota 545053";09/04/2020;16:23;"11/07/2020 13:05";Arqia;"PLANO M2M 20MB ";Ativo;Offline;"Nao Contratado";
"EXCEL PRODUTOS ELETRONICOS LTDA";64.579.782/0001-48;89551805400001677991;5535976011340;724180053167799;"Colorado Ruptela IMEI 860906040568195 - Frota 594226";09/04/2020;16:24;"09/07/2020 10:27";Arqia;"PLANO M2M 20MB ";Ativo;Offline;"Nao Contratado";
"EXCEL PRODUTOS ELETRONICOS LTDA";64.579.782/0001-48;89551805400001688048;5535976011345;724180053168804;"Colorado Ruptela IMEI 860906040568492 - Frota 594242";09/04/2020;16:24;"09/07/2020 10:17";Arqia;"PLANO M2M 20MB ";Ativo;Offline;"Nao Contratado";
"EXCEL PRODUTOS ELETRONICOS LTDA";64.579.782/0001-48;89551805400001677868;5535976011327;724180053167786;"Colorado Ruptela IMEI 863003042167411 - Frota 594549";09/04/2020;16:23;"10/07/2020 10:54";Arqia;"PLANO M2M 20MB ";Ativo;Offline;"Nao Contratado";
"EXCEL PRODUTOS ELETRONICOS LTDA";64.579.782/0001-48;89551805400001677918;5535976011332;724180053167791;"Colorado Ruptela IMEI 860906040537729 - Frota 597336";09/04/2020;16:23;"10/07/2020 14:59";Arqia;"PLANO M2M 20MB ";Ativo;Offline;"Nao Contratado";
"EXCEL PRODUTOS ELETRONICOS LTDA";64.579.782/0001-48;89551805400001677983;5535976011339;724180053167798;"Colorado Ruptela IMEI 860906040537315 - Frota 597401";09/04/2020;16:24;"11/07/2020 10:19";Arqia;"PLANO M2M 20MB ";Ativo;Offline;"Nao Contratado";
"EXCEL PRODUTOS ELETRONICOS LTDA";64.579.782/0001-48;89551805400001677959;5535976011336;724180053167795;"Colorado Ruptela IMEI 860906040600253 - Frota 597724";09/04/2020;16:24;"08/07/2020 15:56";Arqia;"PLANO M2M 20MB ";Ativo;Offline;"Nao Contratado";
"EXCEL PRODUTOS ELETRONICOS LTDA";64.579.782/0001-48;89551805400001677926;5535976011333;724180053167792;"Colorado Ruptela IMEI 860906040600469 - Frota 598326";09/04/2020;16:24;"10/07/2020 10:11";Arqia;"PLANO M2M 20MB ";Ativo;Offline;"Nao Contratado";
"EXCEL PRODUTOS ELETRONICOS LTDA";64.579.782/0001-48;89551805400001677967;5535976011337;724180053167796;"Colorado Ruptela IMEI 860906040598770 - Frota 598375";09/04/2020;16:24;"12/07/2020 02:26";Arqia;"PLANO M2M 20MB ";Ativo;Offline;"Nao Contratado";
"EXCEL PRODUTOS ELETRONICOS LTDA";64.579.782/0001-48;89551805400001677900;5535976011331;724180053167790;"Colorado Ruptela IMEI 860906040568211 - Frota 670323";09/04/2020;16:23;"10/07/2020 10:43";Arqia;"PLANO M2M 20MB ";Ativo;Offline;"Nao Contratado";
"EXCEL PRODUTOS ELETRONICOS LTDA";64.579.782/0001-48;89551805400001677942;5535976011335;724180053167794;"Colorado Ruptela IMEI 860906040598192 - Frota 670331";09/04/2020;16:24;"09/07/2020 10:41";Arqia;"PLANO M2M 20MB ";Ativo;Offline;"Nao Contratado";
"EXCEL PRODUTOS ELETRONICOS LTDA";64.579.782/0001-48;89551805400001688055;5535976011346;724180053168805;"Colorado Ruptela IMEI 860906040537679 - Frota 670638";09/04/2020;16:24;"09/07/2020 08:39";Arqia;"PLANO M2M 20MB ";Ativo;Offline;"Nao Contratado";
"EXCEL PRODUTOS ELETRONICOS LTDA";64.579.782/0001-48;89551805400001677934;5535976011334;724180053167793;"Colorado Ruptela IMEI 860906040568237 - Frota 670661";09/04/2020;16:24;"09/07/2020 08:51";Arqia;"PLANO M2M 20MB ";Ativo;Offline;"Nao Contratado";
"EXCEL PRODUTOS ELETRONICOS LTDA";64.579.782/0001-48;89551805400001677835;5535976011324;724180053167783;"Colorado Ruptela IMEI 868899043897269 - Frota 671578";09/04/2020;16:23;"09/07/2020 14:35";Arqia;"PLANO M2M 20MB ";Ativo;Offline;"Nao Contratado";
"EXCEL PRODUTOS ELETRONICOS LTDA";64.579.782/0001-48;89551805400001677827;5535976011323;724180053167782;"Colorado Ruptela IMEI 863003042167676 - Frota Colorado Light S 22";09/04/2020;16:23;"10/07/2020 11:55";Arqia;"PLANO M2M 20MB ";Ativo;Offline;"Nao Contratado";
"EXCEL PRODUTOS ELETRONICOS LTDA";64.579.782/0001-48;89551805400001688071;5535976011348;724180053168807;"Colorado Ruptela IMEI 863003042162453 - Frota Colorado Pro4 02";09/04/2020;16:24;"10/07/2020 13:44";Arqia;"PLANO M2M 20MB ";Ativo;Offline;"Nao Contratado";
"EXCEL PRODUTOS ELETRONICOS LTDA";64.579.782/0001-48;89551805400001677801;5535976011321;724180053167780;"Colorado Ruptela IMEI 860906040568245 - Frota INATIVO";09/04/2020;16:23;"03/06/2020 17:19";Arqia;"PLANO M2M 20MB ";Ativo;Offline;"Nao Contratado";
"EXCEL PRODUTOS ELETRONICOS LTDA";64.579.782/0001-48;89551805400001677975;5535976011338;724180053167797;"Colorado Ruptela IMEI 860906040537455 - Frota 671560";09/04/2020;16:24;"09/07/2020 11:03";Arqia;"PLANO M2M 20MB ";Ativo;Offline;"Nao Contratado";
"EXCEL PRODUTOS ELETRONICOS LTDA";64.579.782/0001-48;89551805400001677884;5535976011329;724180053167788;"Suzano (Imperatriz) Term.210000426";09/04/2020;16:23;"20/05/2020 20:08";Arqia;"PLANO M2M 20MB ";Ativo;Offline;"Nao Contratado";
"EXCEL PRODUTOS ELETRONICOS LTDA";64.579.782/0001-48;89551808000002676203;5531976047030;724180001057620;;26/06/2020;13:36;"15/07/2020 17:07";Arqia;"CONNECT 4.0 500MB COMPARTILHADO";Ativo;Online;"Nao Contratado";
"EXCEL PRODUTOS ELETRONICOS LTDA";64.579.782/0001-48;89551808000002676211;5531976047034;724180001057621;;26/06/2020;13:36;"02/07/2020 13:43";Arqia;"CONNECT 4.0 500MB COMPARTILHADO";Ativo;Offline;"Nao Contratado";
"EXCEL PRODUTOS ELETRONICOS LTDA";64.579.782/0001-48;89551808000002676229;5531976047037;724180001057622;;26/06/2020;13:37;;Arqia;"Connect 4.0 10MB Compartilhado";Ativo;"Nunca Conectou";"Nao Contratado";
"EXCEL PRODUTOS ELETRONICOS LTDA";64.579.782/0001-48;89551808000002676237;5531976047041;724180001057623;;26/06/2020;13:37;;Arqia;"Connect 4.0 10MB Compartilhado";Ativo;"Nunca Conectou";"Nao Contratado";
"EXCEL PRODUTOS ELETRONICOS LTDA";64.579.782/0001-48;89551808000002676245;5531976048471;724180001057624;;26/06/2020;13:38;;Arqia;"Connect 4.0 10MB Compartilhado";Ativo;"Nunca Conectou";"Nao Contratado";
"EXCEL PRODUTOS ELETRONICOS LTDA";64.579.782/0001-48;89551808000002676252;5531976048479;724180001057625;;26/06/2020;13:39;;Arqia;"Connect 4.0 10MB Compartilhado";Ativo;"Nunca Conectou";"Nao Contratado";
"EXCEL PRODUTOS ELETRONICOS LTDA";64.579.782/0001-48;89551808000002676260;5531976048482;724180001057626;;26/06/2020;13:39;;Arqia;"Connect 4.0 10MB Compartilhado";Ativo;"Nunca Conectou";"Nao Contratado";
"EXCEL PRODUTOS ELETRONICOS LTDA";64.579.782/0001-48;89551808000002676278;5531976048567;724180001057627;;26/06/2020;13:39;;Arqia;"Connect 4.0 10MB Compartilhado";Ativo;"Nunca Conectou";"Nao Contratado";
"EXCEL PRODUTOS ELETRONICOS LTDA";64.579.782/0001-48;89551808000002676286;5531976048659;724180001057628;;26/06/2020;13:39;;Arqia;"Connect 4.0 10MB Compartilhado";Ativo;"Nunca Conectou";"Nao Contratado";
"EXCEL PRODUTOS ELETRONICOS LTDA";64.579.782/0001-48;89551808000002676294;5531976048660;724180001057629;;26/06/2020;13:40;;Arqia;"Connect 4.0 10MB Compartilhado";Ativo;"Nunca Conectou";"Nao Contratado";
"EXCEL PRODUTOS ELETRONICOS LTDA";64.579.782/0001-48;89551808000002676302;5531976048662;724180001057630;;26/06/2020;13:40;;Arqia;"Connect 4.0 10MB Compartilhado";Ativo;"Nunca Conectou";"Nao Contratado";
"EXCEL PRODUTOS ELETRONICOS LTDA";64.579.782/0001-48;89551808000002676310;5531976048675;724180001057631;;26/06/2020;13:40;;Arqia;"Connect 4.0 10MB Compartilhado";Ativo;"Nunca Conectou";"Nao Contratado";
"EXCEL PRODUTOS ELETRONICOS LTDA";64.579.782/0001-48;89551808000002676328;5531976048682;724180001057632;;26/06/2020;13:40;;Arqia;"Connect 4.0 10MB Compartilhado";Ativo;"Nunca Conectou";"Nao Contratado";
"EXCEL PRODUTOS ELETRONICOS LTDA";64.579.782/0001-48;89551808000002676336;5531976048683;724180001057633;;26/06/2020;13:41;;Arqia;"Connect 4.0 10MB Compartilhado";Ativo;"Nunca Conectou";"Nao Contratado";
"EXCEL PRODUTOS ELETRONICOS LTDA";64.579.782/0001-48;89551808000002676344;5531976048706;724180001057634;;26/06/2020;13:41;;Arqia;"Connect 4.0 10MB Compartilhado";Ativo;"Nunca Conectou";"Nao Contratado";
"EXCEL PRODUTOS ELETRONICOS LTDA";64.579.782/0001-48;89551808000002676351;5531976048723;724180001057635;;26/06/2020;13:41;;Arqia;"Connect 4.0 10MB Compartilhado";Ativo;"Nunca Conectou";"Nao Contratado";
"EXCEL PRODUTOS ELETRONICOS LTDA";64.579.782/0001-48;89551808000002676369;5531976048732;724180001057636;;26/06/2020;13:42;;Arqia;"Connect 4.0 10MB Compartilhado";Ativo;"Nunca Conectou";"Nao Contratado";
"EXCEL PRODUTOS ELETRONICOS LTDA";64.579.782/0001-48;89551808000002676377;5531976048749;724180001057637;;26/06/2020;13:42;;Arqia;"Connect 4.0 10MB Compartilhado";Ativo;"Nunca Conectou";"Nao Contratado";
"EXCEL PRODUTOS ELETRONICOS LTDA";64.579.782/0001-48;89551808000002676385;5531976048756;724180001057638;;26/06/2020;13:42;;Arqia;"Connect 4.0 10MB Compartilhado";Ativo;"Nunca Conectou";"Nao Contratado";
"EXCEL PRODUTOS ELETRONICOS LTDA";64.579.782/0001-48;89551808000002676393;5531976048765;724180001057639;;26/06/2020;13:43;;Arqia;"Connect 4.0 10MB Compartilhado";Ativo;"Nunca Conectou";"Nao Contratado";
"EXCEL PRODUTOS ELETRONICOS LTDA";64.579.782/0001-48;89551808000002676401;5531976048782;724180001057640;;26/06/2020;13:43;;Arqia;"Connect 4.0 10MB Compartilhado";Ativo;"Nunca Conectou";"Nao Contratado";
"EXCEL PRODUTOS ELETRONICOS LTDA";64.579.782/0001-48;89551808000002676419;5531976048792;724180001057641;;26/06/2020;13:43;;Arqia;"Connect 4.0 10MB Compartilhado";Ativo;"Nunca Conectou";"Nao Contratado";
"EXCEL PRODUTOS ELETRONICOS LTDA";64.579.782/0001-48;89551808000002676427;5531976048795;724180001057642;;26/06/2020;13:43;;Arqia;"Connect 4.0 10MB Compartilhado";Ativo;"Nunca Conectou";"Nao Contratado";
"EXCEL PRODUTOS ELETRONICOS LTDA";64.579.782/0001-48;89551808000002676435;5531976048808;724180001057643;;26/06/2020;13:44;;Arqia;"Connect 4.0 10MB Compartilhado";Ativo;"Nunca Conectou";"Nao Contratado";
"EXCEL PRODUTOS ELETRONICOS LTDA";64.579.782/0001-48;89551808000002676443;5531976048810;724180001057644;;26/06/2020;13:44;;Arqia;"Connect 4.0 10MB Compartilhado";Ativo;"Nunca Conectou";"Nao Contratado";
"EXCEL PRODUTOS ELETRONICOS LTDA";64.579.782/0001-48;89551808000002676450;5531976048811;724180001057645;;26/06/2020;13:44;;Arqia;"Connect 4.0 10MB Compartilhado";Ativo;"Nunca Conectou";"Nao Contratado";
"EXCEL PRODUTOS ELETRONICOS LTDA";64.579.782/0001-48;89551808000002676468;5531976048815;724180001057646;;26/06/2020;13:44;;Arqia;"Connect 4.0 10MB Compartilhado";Ativo;"Nunca Conectou";"Nao Contratado";
"EXCEL PRODUTOS ELETRONICOS LTDA";64.579.782/0001-48;89551808000002676476;5531976048817;724180001057647;;26/06/2020;13:45;;Arqia;"Connect 4.0 10MB Compartilhado";Ativo;"Nunca Conectou";"Nao Contratado";
"EXCEL PRODUTOS ELETRONICOS LTDA";64.579.782/0001-48;89551808000002676484;5531976048963;724180001057648;;26/06/2020;13:45;;Arqia;"Connect 4.0 10MB Compartilhado";Ativo;"Nunca Conectou";"Nao Contratado";
"EXCEL PRODUTOS ELETRONICOS LTDA";64.579.782/0001-48;89551808000002676492;5531976051672;724180001057649;;26/06/2020;13:45;;Arqia;"Connect 4.0 10MB Compartilhado";Ativo;"Nunca Conectou";"Nao Contratado";
"EXCEL PRODUTOS ELETRONICOS LTDA";64.579.782/0001-48;89551808000002676500;5531976053393;724180001057650;;26/06/2020;13:45;;Arqia;"Connect 4.0 10MB Compartilhado";Ativo;"Nunca Conectou";"Nao Contratado";
"EXCEL PRODUTOS ELETRONICOS LTDA";64.579.782/0001-48;89551808000002676518;5531976053826;724180001057651;;26/06/2020;13:45;;Arqia;"Connect 4.0 10MB Compartilhado";Ativo;"Nunca Conectou";"Nao Contratado";
"EXCEL PRODUTOS ELETRONICOS LTDA";64.579.782/0001-48;89551808000002676526;5531976053827;724180001057652;;26/06/2020;13:46;;Arqia;"Connect 4.0 10MB Compartilhado";Ativo;"Nunca Conectou";"Nao Contratado";
"EXCEL PRODUTOS ELETRONICOS LTDA";64.579.782/0001-48;89551808000002676534;5531976053828;724180001057653;;26/06/2020;13:46;;Arqia;"Connect 4.0 10MB Compartilhado";Ativo;"Nunca Conectou";"Nao Contratado";
"EXCEL PRODUTOS ELETRONICOS LTDA";64.579.782/0001-48;89551808000002676542;5531976053829;724180001057654;;26/06/2020;13:46;;Arqia;"Connect 4.0 10MB Compartilhado";Ativo;"Nunca Conectou";"Nao Contratado";
"EXCEL PRODUTOS ELETRONICOS LTDA";64.579.782/0001-48;89551808000002676559;5531976053830;724180001057655;;26/06/2020;13:46;;Arqia;"Connect 4.0 10MB Compartilhado";Ativo;"Nunca Conectou";"Nao Contratado";
"EXCEL PRODUTOS ELETRONICOS LTDA";64.579.782/0001-48;89551808000002676567;5531976053831;724180001057656;;26/06/2020;13:47;;Arqia;"Connect 4.0 10MB Compartilhado";Ativo;"Nunca Conectou";"Nao Contratado";
"EXCEL PRODUTOS ELETRONICOS LTDA";64.579.782/0001-48;89551808000002676575;5531976053832;724180001057657;;26/06/2020;13:47;;Arqia;"Connect 4.0 10MB Compartilhado";Ativo;"Nunca Conectou";"Nao Contratado";
"EXCEL PRODUTOS ELETRONICOS LTDA";64.579.782/0001-48;89551808000002676583;5531976053833;724180001057658;;26/06/2020;13:47;;Arqia;"Connect 4.0 10MB Compartilhado";Ativo;"Nunca Conectou";"Nao Contratado";
"EXCEL PRODUTOS ELETRONICOS LTDA";64.579.782/0001-48;89551808000002676591;5531976053834;724180001057659;;26/06/2020;13:47;;Arqia;"Connect 4.0 10MB Compartilhado";Ativo;"Nunca Conectou";"Nao Contratado";
"EXCEL PRODUTOS ELETRONICOS LTDA";64.579.782/0001-48;89551808000002676609;5531976053835;724180001057660;;26/06/2020;13:47;;Arqia;"Connect 4.0 10MB Compartilhado";Ativo;"Nunca Conectou";"Nao Contratado";
"EXCEL PRODUTOS ELETRONICOS LTDA";64.579.782/0001-48;89551808000002676617;5531976054368;724180001057661;;26/06/2020;13:47;;Arqia;"Connect 4.0 10MB Compartilhado";Ativo;"Nunca Conectou";"Nao Contratado";
"EXCEL PRODUTOS ELETRONICOS LTDA";64.579.782/0001-48;89551808000002676625;5531976056025;724180001057662;;26/06/2020;13:48;;Arqia;"Connect 4.0 10MB Compartilhado";Ativo;"Nunca Conectou";"Nao Contratado";
"EXCEL PRODUTOS ELETRONICOS LTDA";64.579.782/0001-48;89551808000002676633;5531976056041;724180001057663;;26/06/2020;13:48;;Arqia;"Connect 4.0 10MB Compartilhado";Ativo;"Nunca Conectou";"Nao Contratado";
"EXCEL PRODUTOS ELETRONICOS LTDA";64.579.782/0001-48;89551808000002676641;5531976056052;724180001057664;;26/06/2020;13:48;;Arqia;"Connect 4.0 10MB Compartilhado";Ativo;"Nunca Conectou";"Nao Contratado";
"EXCEL PRODUTOS ELETRONICOS LTDA";64.579.782/0001-48;89551808000002676658;5531976056053;724180001057665;;26/06/2020;13:48;;Arqia;"Connect 4.0 10MB Compartilhado";Ativo;"Nunca Conectou";"Nao Contratado";
"EXCEL PRODUTOS ELETRONICOS LTDA";64.579.782/0001-48;89551808000002676666;5531976056055;724180001057666;;26/06/2020;13:48;;Arqia;"Connect 4.0 10MB Compartilhado";Ativo;"Nunca Conectou";"Nao Contratado";
"EXCEL PRODUTOS ELETRONICOS LTDA";64.579.782/0001-48;89551808000002676674;5531976056082;724180001057667;;26/06/2020;13:49;;Arqia;"Connect 4.0 10MB Compartilhado";Ativo;"Nunca Conectou";"Nao Contratado";
"EXCEL PRODUTOS ELETRONICOS LTDA";64.579.782/0001-48;89551808000002676682;5531976056083;724180001057668;;26/06/2020;13:49;;Arqia;"Connect 4.0 10MB Compartilhado";Ativo;"Nunca Conectou";"Nao Contratado";
"EXCEL PRODUTOS ELETRONICOS LTDA";64.579.782/0001-48;89551808000002676690;5531976056088;724180001057669;;26/06/2020;13:49;;Arqia;"Connect 4.0 10MB Compartilhado";Ativo;"Nunca Conectou";"Nao Contratado";
"EXCEL PRODUTOS ELETRONICOS LTDA";64.579.782/0001-48;89551808000002676708;5531976056089;724180001057670;;26/06/2020;13:49;;Arqia;"Connect 4.0 10MB Compartilhado";Ativo;"Nunca Conectou";"Nao Contratado";
"EXCEL PRODUTOS ELETRONICOS LTDA";64.579.782/0001-48;89551808000002676716;5531976056091;724180001057671;;26/06/2020;13:49;;Arqia;"Connect 4.0 10MB Compartilhado";Ativo;"Nunca Conectou";"Nao Contratado";
"EXCEL PRODUTOS ELETRONICOS LTDA";64.579.782/0001-48;89551808000002676724;5531976056093;724180001057672;;26/06/2020;13:49;;Arqia;"Connect 4.0 10MB Compartilhado";Ativo;"Nunca Conectou";"Nao Contratado";
"EXCEL PRODUTOS ELETRONICOS LTDA";64.579.782/0001-48;89551808000002676732;5531976056097;724180001057673;;26/06/2020;13:49;;Arqia;"Connect 4.0 10MB Compartilhado";Ativo;"Nunca Conectou";"Nao Contratado";
"EXCEL PRODUTOS ELETRONICOS LTDA";64.579.782/0001-48;89551808000002676740;5531976056098;724180001057674;;26/06/2020;13:49;;Arqia;"Connect 4.0 10MB Compartilhado";Ativo;"Nunca Conectou";"Nao Contratado";
"EXCEL PRODUTOS ELETRONICOS LTDA";64.579.782/0001-48;89551808000002676757;5531976056118;724180001057675;;26/06/2020;13:49;;Arqia;"Connect 4.0 10MB Compartilhado";Ativo;"Nunca Conectou";"Nao Contratado";
"EXCEL PRODUTOS ELETRONICOS LTDA";64.579.782/0001-48;89551808000002676765;5531976056119;724180001057676;;26/06/2020;13:49;;Arqia;"Connect 4.0 10MB Compartilhado";Ativo;"Nunca Conectou";"Nao Contratado";
"EXCEL PRODUTOS ELETRONICOS LTDA";64.579.782/0001-48;89551808000002676773;5531976056120;724180001057677;;26/06/2020;13:49;;Arqia;"Connect 4.0 10MB Compartilhado";Ativo;"Nunca Conectou";"Nao Contratado";
"EXCEL PRODUTOS ELETRONICOS LTDA";64.579.782/0001-48;89551808000002676781;5531976056121;724180001057678;;26/06/2020;13:50;;Arqia;"Connect 4.0 10MB Compartilhado";Ativo;"Nunca Conectou";"Nao Contratado";
"EXCEL PRODUTOS ELETRONICOS LTDA";64.579.782/0001-48;89551808000002676799;5531976056123;724180001057679;;26/06/2020;13:50;;Arqia;"Connect 4.0 10MB Compartilhado";Ativo;"Nunca Conectou";"Nao Contratado";
"EXCEL PRODUTOS ELETRONICOS LTDA";64.579.782/0001-48;89551808000002676807;5531976056124;724180001057680;;26/06/2020;13:50;;Arqia;"Connect 4.0 10MB Compartilhado";Ativo;"Nunca Conectou";"Nao Contratado";
"EXCEL PRODUTOS ELETRONICOS LTDA";64.579.782/0001-48;89551808000002676815;5531976056125;724180001057681;;26/06/2020;13:50;;Arqia;"Connect 4.0 10MB Compartilhado";Ativo;"Nunca Conectou";"Nao Contratado";
"EXCEL PRODUTOS ELETRONICOS LTDA";64.579.782/0001-48;89551808000002676823;5531976056204;724180001057682;;26/06/2020;13:51;;Arqia;"Connect 4.0 10MB Compartilhado";Ativo;"Nunca Conectou";"Nao Contratado";
"EXCEL PRODUTOS ELETRONICOS LTDA";64.579.782/0001-48;89551808000002676831;5531976056207;724180001057683;;26/06/2020;13:51;;Arqia;"Connect 4.0 10MB Compartilhado";Ativo;"Nunca Conectou";"Nao Contratado";
"EXCEL PRODUTOS ELETRONICOS LTDA";64.579.782/0001-48;89551808000002676849;5531976056208;724180001057684;;26/06/2020;13:51;;Arqia;"Connect 4.0 10MB Compartilhado";Ativo;"Nunca Conectou";"Nao Contratado";
"EXCEL PRODUTOS ELETRONICOS LTDA";64.579.782/0001-48;89551808000002676856;5531976056209;724180001057685;;26/06/2020;13:51;;Arqia;"Connect 4.0 10MB Compartilhado";Ativo;"Nunca Conectou";"Nao Contratado";
"EXCEL PRODUTOS ELETRONICOS LTDA";64.579.782/0001-48;89551808000002676864;5531976056210;724180001057686;;26/06/2020;13:51;;Arqia;"Connect 4.0 10MB Compartilhado";Ativo;"Nunca Conectou";"Nao Contratado";
"EXCEL PRODUTOS ELETRONICOS LTDA";64.579.782/0001-48;89551808000002676872;5531976056214;724180001057687;;26/06/2020;13:51;;Arqia;"Connect 4.0 10MB Compartilhado";Ativo;"Nunca Conectou";"Nao Contratado";
"EXCEL PRODUTOS ELETRONICOS LTDA";64.579.782/0001-48;89551808000002676880;5531976056218;724180001057688;;26/06/2020;13:51;;Arqia;"Connect 4.0 10MB Compartilhado";Ativo;"Nunca Conectou";"Nao Contratado";
"EXCEL PRODUTOS ELETRONICOS LTDA";64.579.782/0001-48;89551808000002676898;5531976056219;724180001057689;;26/06/2020;13:51;;Arqia;"Connect 4.0 10MB Compartilhado";Ativo;"Nunca Conectou";"Nao Contratado";
"EXCEL PRODUTOS ELETRONICOS LTDA";64.579.782/0001-48;89551808000002676906;5531976056225;724180001057690;;26/06/2020;13:51;;Arqia;"Connect 4.0 10MB Compartilhado";Ativo;"Nunca Conectou";"Nao Contratado";
"EXCEL PRODUTOS ELETRONICOS LTDA";64.579.782/0001-48;89551808000002676914;5531976056226;724180001057691;;26/06/2020;13:51;;Arqia;"Connect 4.0 10MB Compartilhado";Ativo;"Nunca Conectou";"Nao Contratado";
"EXCEL PRODUTOS ELETRONICOS LTDA";64.579.782/0001-48;89551808000002676922;5531976056253;724180001057692;;26/06/2020;13:52;;Arqia;"Connect 4.0 10MB Compartilhado";Ativo;"Nunca Conectou";"Nao Contratado";
"EXCEL PRODUTOS ELETRONICOS LTDA";64.579.782/0001-48;89551808000002676930;5531976056285;724180001057693;;26/06/2020;13:52;;Arqia;"Connect 4.0 10MB Compartilhado";Ativo;"Nunca Conectou";"Nao Contratado";
"EXCEL PRODUTOS ELETRONICOS LTDA";64.579.782/0001-48;89551808000002676948;5531976056299;724180001057694;;26/06/2020;13:52;;Arqia;"Connect 4.0 10MB Compartilhado";Ativo;"Nunca Conectou";"Nao Contratado";
"EXCEL PRODUTOS ELETRONICOS LTDA";64.579.782/0001-48;89551808000002676955;5531976056347;724180001057695;;26/06/2020;13:52;"15/07/2020 17:06";Arqia;"Connect 4.0 10MB Compartilhado";Ativo;Online;"Nao Contratado";
"EXCEL PRODUTOS ELETRONICOS LTDA";64.579.782/0001-48;89551808000002676963;5531976056422;724180001057696;;26/06/2020;13:52;"15/07/2020 17:09";Arqia;"Connect 4.0 10MB Compartilhado";Ativo;Online;"Nao Contratado";
"EXCEL PRODUTOS ELETRONICOS LTDA";64.579.782/0001-48;89551808000002676971;5531976056513;724180001057697;;26/06/2020;13:52;"15/07/2020 17:13";Arqia;"Connect 4.0 10MB Compartilhado";Ativo;Online;"Nao Contratado";
"EXCEL PRODUTOS ELETRONICOS LTDA";64.579.782/0001-48;89551808000002676989;5531976056558;724180001057698;;26/06/2020;13:52;"15/07/2020 17:07";Arqia;"Connect 4.0 10MB Compartilhado";Ativo;Online;"Nao Contratado";
"EXCEL PRODUTOS ELETRONICOS LTDA";64.579.782/0001-48;89551808000002676997;5531976056933;724180001057699;;26/06/2020;13:52;"14/07/2020 13:29";Arqia;"Connect 4.0 10MB Compartilhado";Ativo;Offline;"Nao Contratado";
"EXCEL PRODUTOS ELETRONICOS LTDA";64.579.782/0001-48;89551808000002677003;5531976056934;724180001057700;;26/06/2020;13:52;"15/07/2020 17:06";Arqia;"Connect 4.0 10MB Compartilhado";Ativo;Online;"Nao Contratado";
"EXCEL PRODUTOS ELETRONICOS LTDA";64.579.782/0001-48;89551808000002677011;5531976056944;724180001057701;;26/06/2020;13:52;"15/07/2020 17:11";Arqia;"Connect 4.0 10MB Compartilhado";Ativo;Online;"Nao Contratado";
"EXCEL PRODUTOS ELETRONICOS LTDA";64.579.782/0001-48;89551808000002677029;5531976056946;724180001057702;;26/06/2020;13:52;"15/07/2020 17:14";Arqia;"Connect 4.0 10MB Compartilhado";Ativo;Online;"Nao Contratado";
"EXCEL PRODUTOS ELETRONICOS LTDA";64.579.782/0001-48;89551808000002677037;5531976059885;724180001057703;;26/06/2020;13:52;"15/07/2020 15:15";Arqia;"Connect 4.0 10MB Compartilhado";Ativo;Offline;"Nao Contratado";
"EXCEL PRODUTOS ELETRONICOS LTDA";64.579.782/0001-48;89551808000002677045;5531976063392;724180001057704;;26/06/2020;13:52;"15/07/2020 17:14";Arqia;"Connect 4.0 10MB Compartilhado";Ativo;Online;"Nao Contratado";
"EXCEL PRODUTOS ELETRONICOS LTDA";64.579.782/0001-48;89551808000002677052;5531976063657;724180001057705;;26/06/2020;13:53;"15/07/2020 17:06";Arqia;"Connect 4.0 10MB Compartilhado";Ativo;Online;"Nao Contratado";
"EXCEL PRODUTOS ELETRONICOS LTDA";64.579.782/0001-48;89551808000002677060;5531976063678;724180001057706;;26/06/2020;13:53;"15/07/2020 17:08";Arqia;"Connect 4.0 10MB Compartilhado";Ativo;Online;"Nao Contratado";
"EXCEL PRODUTOS ELETRONICOS LTDA";64.579.782/0001-48;89551808000002677078;5531976063723;724180001057707;;26/06/2020;13:53;"15/07/2020 17:09";Arqia;"Connect 4.0 10MB Compartilhado";Ativo;Online;"Nao Contratado";
"EXCEL PRODUTOS ELETRONICOS LTDA";64.579.782/0001-48;89551808000002677086;5531976063740;724180001057708;;26/06/2020;13:53;"15/07/2020 15:41";Arqia;"Connect 4.0 10MB Compartilhado";Ativo;Offline;"Nao Contratado";
"EXCEL PRODUTOS ELETRONICOS LTDA";64.579.782/0001-48;89551808000002677094;5531976063819;724180001057709;;26/06/2020;13:53;"15/07/2020 17:10";Arqia;"Connect 4.0 10MB Compartilhado";Ativo;Online;"Nao Contratado";
"EXCEL PRODUTOS ELETRONICOS LTDA";64.579.782/0001-48;89551808000002677102;5531976063843;724180001057710;;26/06/2020;13:53;"15/07/2020 16:46";Arqia;"Connect 4.0 10MB Compartilhado";Ativo;Offline;"Nao Contratado";
"EXCEL PRODUTOS ELETRONICOS LTDA";64.579.782/0001-48;89551808000002677110;5531976063852;724180001057711;;26/06/2020;13:53;"15/07/2020 17:07";Arqia;"Connect 4.0 10MB Compartilhado";Ativo;Online;"Nao Contratado";
"EXCEL PRODUTOS ELETRONICOS LTDA";64.579.782/0001-48;89551808000002677128;5531976063965;724180001057712;;26/06/2020;13:53;"15/07/2020 16:51";Arqia;"Connect 4.0 10MB Compartilhado";Ativo;Offline;"Nao Contratado";
"EXCEL PRODUTOS ELETRONICOS LTDA";64.579.782/0001-48;89551808000002677136;5531976063981;724180001057713;;26/06/2020;13:53;"15/07/2020 14:28";Arqia;"Connect 4.0 10MB Compartilhado";Ativo;Offline;"Nao Contratado";
"EXCEL PRODUTOS ELETRONICOS LTDA";64.579.782/0001-48;89551808000002677144;5531976063987;724180001057714;;26/06/2020;13:53;"15/07/2020 17:06";Arqia;"Connect 4.0 10MB Compartilhado";Ativo;Online;"Nao Contratado";
"EXCEL PRODUTOS ELETRONICOS LTDA";64.579.782/0001-48;89551808000002677151;5531976063992;724180001057715;;26/06/2020;13:53;"15/07/2020 16:52";Arqia;"Connect 4.0 10MB Compartilhado";Ativo;Offline;"Nao Contratado";
"EXCEL PRODUTOS ELETRONICOS LTDA";64.579.782/0001-48;89551808000002677169;5531976063993;724180001057716;;26/06/2020;13:53;"15/07/2020 17:13";Arqia;"Connect 4.0 10MB Compartilhado";Ativo;Online;"Nao Contratado";
"EXCEL PRODUTOS ELETRONICOS LTDA";64.579.782/0001-48;89551808000002677177;5531976063996;724180001057717;;26/06/2020;13:53;"15/07/2020 17:14";Arqia;"Connect 4.0 10MB Compartilhado";Ativo;Online;"Nao Contratado";
"EXCEL PRODUTOS ELETRONICOS LTDA";64.579.782/0001-48;89551808000002677185;5531976063999;724180001057718;;26/06/2020;13:53;"15/07/2020 17:10";Arqia;"Connect 4.0 10MB Compartilhado";Ativo;Online;"Nao Contratado";
"EXCEL PRODUTOS ELETRONICOS LTDA";64.579.782/0001-48;89551808000002677193;5531976064001;724180001057719;;26/06/2020;13:54;"15/07/2020 15:28";Arqia;"Connect 4.0 10MB Compartilhado";Ativo;Offline;"Nao Contratado";
